% X,%Y,ID (base),ID (bleed)
-0.13,7.96E-18,2,2
-0.112583303,-0.065,3,3
-0.112583303,0.065,4,4
-0.065,-0.112583303,5,5
-0.065,0.112583303,6,6
-1.59E-17,-0.13,8,8
3.18E-17,0.13,9,10
0.065,-0.112583303,11,15
0.065,0.112583303,12,16
0.112583303,-0.065,13,17
0.112583303,0.065,14,18
0.13,-2.39E-17,15,19
